name,description,prompt,category,tone,language,scenes,sample_input,sample_output,enabled,sort_order
"克制的长文","把情绪收着写，让细节自己说话。适合公众号长文与散文。","以克制、平视的笔调写作：多用短句，少用形容词，让细节自己承载情绪。不要替读者下结论，也不要抒情，把判断留在文字外面。段与段之间允许留白。","literary","calm","zh","公众号长文,散文,随笔","老屋在村子的东头，是祖父留下的。院子里的那棵枣树还在，每年秋天结一树果子，没有人数过有多少。屋檐下的石阶被踩得发亮，中间有一道浅浅的凹痕。","老屋在东头。祖父留下的。院子里那棵枣树还在，秋天照例结一树果子，没人去数。石阶被踩得发亮，中间那道凹痕，比记忆里又深了一点。","true","0"
"温润的叙事","先接住情绪，再讲事情。适合散文、随笔与品牌故事。","以温暖、有体谅的笔调写作：先接住情绪，再讲事情。用一个具体的细节开头，把抽象的感受落到可触摸的东西上。称呼读者时用「你」，像坐在对面说话。","literary","warm","zh","散文,随笔,情感文","老屋在村子的东头，是祖父留下的。院子里的那棵枣树还在，每年秋天结一树果子，没有人数过有多少。屋檐下的石阶被踩得发亮，中间有一道浅浅的凹痕。","老屋还在村子的东头。祖父走后，它就替我们守在那里。院子里那棵枣树也没挪窝，每年秋天照样结一树果子——它从不问有没有人来数。屋檐下的石阶被踩得发亮，中间那道浅浅的凹痕里，藏着好几代人的脚步。","true","1"
"锋利的短评","短句、直给、敢下判断。适合评论与时评。","以犀利、直给的笔调写作：句子短，动词多，形容词少。敢下判断，把结论放在最前面，不为冒犯道歉。用对比制造落差，结尾落在一个让人记住的短句上。","media","sharp","zh","评论,时评,社论","老屋在村子的东头，是祖父留下的。院子里的那棵枣树还在，每年秋天结一树果子，没有人数过有多少。屋檐下的石阶被踩得发亮，中间有一道浅浅的凹痕。","东头那间老屋，祖父留下的，现在没人住。枣树照结它的果子，没人吃。石阶倒是亮——中间那道凹痕，是踩出来的。可惜踩它的人，一个都不在了。","true","2"
"新闻特稿","先给事实，再给细节，不评论。适合新闻与通讯。","以新闻特稿的笔调写作：先给事实，再给细节；不评论、不抒情、不使用第一人称。位置与数据写具体，模糊的地方如实写「未统计」。句子以陈述为主。","media","plain","zh","新闻,特稿,通讯","老屋在村子的东头，是祖父留下的。院子里的那棵枣树还在，每年秋天结一树果子，没有人数过有多少。屋檐下的石阶被踩得发亮，中间有一道浅浅的凹痕。","老屋位于村子东头，为祖父所留。院内枣树尚存，每年秋季结果，数量未有统计。屋檐下石阶表面因长期踩踏而发亮，中部可见一处浅凹痕。","true","3"
"严肃的学术表述","书面语、规范术语、可核查。适合论文与研究报告。","以学术写作的笔调表述：使用书面语与规范术语，避免口语与情感色彩。采用客观陈述或被动结构，对不确定的信息明确标注限度。不出现第一人称，不使用感叹与比喻。","academic","solemn","zh","论文,综述,研究报告","老屋在村子的东头，是祖父留下的。院子里的那棵枣树还在，每年秋天结一树果子，没有人数过有多少。屋檐下的石阶被踩得发亮，中间有一道浅浅的凹痕。","该建筑位于村落东侧，系祖辈遗留。庭院内枣树仍存续，每年秋季结实，其数量未曾得到系统记录。檐下石阶表面因长期使用而呈现光泽，中部形成一处浅度磨损凹痕。","true","4"
"通俗的科普","从具体问题切入，不讲术语。适合科普与短视频文案。","以通俗科普的笔调写作：从一个具体的画面或问题切入，把抽象概念落到日常经验上。可以用第二人称提问，可以用短小的类比。不使用术语，必须用时立刻解释。","academic","lively","zh","科普,教程,短视频文案","老屋在村子的东头，是祖父留下的。院子里的那棵枣树还在，每年秋天结一树果子，没有人数过有多少。屋檐下的石阶被踩得发亮，中间有一道浅浅的凹痕。","想象一下：一间老屋蹲在村子最东头，是爷爷的爷爷那辈留下来的。院子里有棵枣树，特别能结果——每年秋天呼啦啦结一树，可你要问有多少颗？没人知道，也没人想数。最有意思的是屋檐下那几级石阶：被踩得油光发亮，中间还凹下去浅浅一道。这道沟是怎么来的？答案很简单——是脚，是无数双走过的脚。","true","5"
"商务方案","结论先行，中性可核查。适合方案与商业计划。","以商务方案的笔调写作：结论先行，再给依据。能用名词短语就不用完整句子，能列表就不写段落。所有描述保持中性、可核查，不添加情绪词与修辞。","business","plain","zh","方案,商业计划,立项书","老屋在村子的东头，是祖父留下的。院子里的那棵枣树还在，每年秋天结一树果子，没有人数过有多少。屋檐下的石阶被踩得发亮，中间有一道浅浅的凹痕。","标的物：村东头老屋一处，来源为祖辈遗留。院内现有枣树一株，每年秋季结果，产量未作统计。附属设施中，檐下石阶存在明显使用痕迹：表面光泽度高，中部有浅层凹陷。","true","6"
"有温度的商务沟通","专业但不冷，先回应对方。适合邮件与客户信。","以专业但有温度的笔调写作：先回应对方关心的事，再说自己的请求。语气平和，不用命令句，不用「必须」「务必」。把「我们」放在该放的位置上，让读到的人感到被尊重而不是被通知。","business","warm","zh","邮件,内部沟通,客户信","老屋在村子的东头，是祖父留下的。院子里的那棵枣树还在，每年秋天结一树果子，没有人数过有多少。屋檐下的石阶被踩得发亮，中间有一道浅浅的凹痕。","关于村东头那间老屋，先跟您同步一下我们了解到的情况：它是祖父留下来的，院内那棵枣树至今还在，每年秋天照例结果——只是从来没有人认真数过有多少。另外有一处细节，我们觉得您会关心：屋檐下的石阶已被踩得发亮，中间留下一道浅浅的凹痕。这些痕迹我们打算原样保留。","true","7"
"干练的汇报","一段一件事，先结论后过程。适合周报与复盘。","以干练的汇报笔调写作：一段一件事，先结论后过程。删除铺垫与过渡，删除「我们认为」「应该说」这类软化词。状态必须明确，进度用「已完成／进行中／未开始」表述。","business","calm","zh","周报,汇报,复盘","老屋在村子的东头，是祖父留下的。院子里的那棵枣树还在，每年秋天结一树果子，没有人数过有多少。屋檐下的石阶被踩得发亮，中间有一道浅浅的凹痕。","老屋：位于村东头，产权源自祖父，现状未处置。院内枣树：存活，每年秋季结果，产量未统计。石阶：表面磨损明显，中部有浅凹痕，属长期使用痕迹。","true","8"
"口播稿","句子短、有钩子，能一口气念完。适合视频脚本。","以口播稿的笔调写作：句子短，能一口气念完。多用第二人称与问句，多用「你看」「你猜」这类勾人的小词。避免书面语与长定语，遇到数字要说成人话。每两句要有一个让人想继续听的钩子。","spoken","lively","zh","口播稿,视频脚本,短视频","老屋在村子的东头，是祖父留下的。院子里的那棵枣树还在，每年秋天结一树果子，没有人数过有多少。屋檐下的石阶被踩得发亮，中间有一道浅浅的凹痕。","你见过那种老屋吗？就在村子最东头。我爷爷留下的。院子里那棵枣树，这会儿还站着，年年秋天结一树果子——多少颗？没人知道。屋檐下的石阶最有意思，被踩得发亮，中间还磨出一道沟。那道沟，得多少人踩多少年啊。","true","9"
"播客对谈","像跟朋友聊天，允许跑题。适合播客与访谈。","以播客对谈的笔调写作：像跟朋友聊天，允许跑题再拉回来。可以用自嘲和轻度夸张制造笑点，但不用谐音梗。多用「我就想」「你说是不是」这类口语插入语，让听的人感觉你在现场。","spoken","humorous","zh","播客,对谈,访谈","老屋在村子的东头，是祖父留下的。院子里的那棵枣树还在，每年秋天结一树果子，没有人数过有多少。屋檐下的石阶被踩得发亮，中间有一道浅浅的凹痕。","先说说这间老屋啊——村东头，我爷爷留下的。院子里有棵枣树，这树是真敬业，每年秋天准时结一树果子，产量至今是个谜，因为从来没人认真数过。然后你看屋檐下那几级石阶，亮得跟打过蜡似的，中间还凹下去一道。我就想，这得多少双鞋底才磨得出来？你说是不是。","true","10"
"讲稿","句子完整、节奏沉稳，适合当众朗读。","以正式讲稿的笔调写作：句子完整、节奏沉稳，适合当众朗读。使用「各位」「我们看到」这类面向听众的措辞，用排比与停顿制造分量。不出现网络用语与缩写，结尾要能停在纸面上。","spoken","solemn","zh","讲稿,致辞,演讲稿","老屋在村子的东头，是祖父留下的。院子里的那棵枣树还在，每年秋天结一树果子，没有人数过有多少。屋檐下的石阶被踩得发亮，中间有一道浅浅的凹痕。","各位，请看这间老屋。它立在村子的东头，是我的祖父留下来的。院里那棵枣树，至今仍在——每年秋天，它照旧结满一树果实，而从没有人去数过究竟有多少。屋檐之下的石阶，已被岁月磨得发亮，中间留下一道浅浅的凹痕。那不是伤。那是路。","true","11"
"技术文档","一条信息一句话，可验证。适合文档与产品手册。","以技术文档的笔调写作：先定义对象，再描述属性，最后给操作。一条信息一句话，不合并、不省略主语。所有描述保持可验证，不使用比喻与修饰词。术语首次出现时给出全称。","technical","plain","zh","文档,API说明,产品手册","老屋在村子的东头，是祖父留下的。院子里的那棵枣树还在，每年秋天结一树果子，没有人数过有多少。屋檐下的石阶被踩得发亮，中间有一道浅浅的凹痕。","老屋：位于村子东头的建筑物，来源为祖父遗留。院内枣树：一株，每年秋季结果，结果数量未记录。檐下石阶：表面存在长期踩踏形成的磨损，整体呈现光泽，中部存在一处浅度凹陷。","true","12"
"教程","一步一步来，做完就说该看到什么。适合入门指南。","以手把手教程的笔调写作：每一步只做一件事，做完立刻说清「你现在应该看到什么」。用第二人称直接指示，标出关键处。遇到容易踩坑的地方，主动停下来提醒一句。","technical","lively","zh","教程,入门指南,操作手册","老屋在村子的东头，是祖父留下的。院子里的那棵枣树还在，每年秋天结一树果子，没有人数过有多少。屋檐下的石阶被踩得发亮，中间有一道浅浅的凹痕。","第一步，先找到这间屋子。它在村子东头，是祖父留下来的——注意，是「留下来的」，不是「买的」，这个区别后面会用到。第二步，看院子。里面有一棵枣树，它每年秋天结果，但没人统计过数量——记住这个细节。第三步，看屋檐下的石阶：被踩得发亮，中间有一道凹痕。把这三个细节放在一起，你就知道这段该怎么写了。","true","13"
"种草文案","第一句就让人停下来。适合社交媒体与小红书。","以种草文案的笔调写作：开头一句话就要让人停下来。用第一人称讲自己的真实反应，把感受和具体场景绑在一起。允许短句、感叹与少量表情符号，但不堆砌形容词，也不喊口号。","marketing","lively","zh","种草,社交媒体,小红书","老屋在村子的东头，是祖父留下的。院子里的那棵枣树还在，每年秋天结一树果子，没有人数过有多少。屋檐下的石阶被踩得发亮，中间有一道浅浅的凹痕。","家人们，我找到那间老屋了——就在村子最东头，爷爷那辈留下来的。院子里那棵枣树还在！每年秋天结一树果子，多到你根本数不过来。最戳我的是屋檐下那几级石阶：被踩得油光发亮，中间一道浅浅的凹痕。那一刻我突然懂了，什么叫「有人来过」。","true","14"
"品牌故事","把价值观藏进一件小事里。适合官网与宣传册。","以品牌故事的笔调写作：从一件具体的小事写起，把想表达的价值藏进这件事里，不要直接说出来。语气从容、有敬意，避免「引领」「赋能」这类空词。结尾落到一句朴素的话上。","marketing","warm","zh","品牌故事,官网,宣传册","老屋在村子的东头，是祖父留下的。院子里的那棵枣树还在，每年秋天结一树果子，没有人数过有多少。屋檐下的石阶被踩得发亮，中间有一道浅浅的凹痕。","有些东西，会被时间留下来。比如村东头这间老屋——它由祖父建起，此后便一直站在那里，替我们看着四季。院子里那棵枣树，年年秋天都结满果子，多到从没有人想过要去数清。屋檐下的石阶被踩得发亮，中间那道浅浅的凹痕，是几十年脚步留下的印记。我们想做的，就是把这样的东西，再留得久一点。","true","15"
"痛点直击的广告","点出正在失去的东西，结尾给动作。适合落地页。","以直接转化型文案的笔调写作：第一句就点出对方正在失去的东西。用短句堆叠出紧迫感，用具体场景代替空泛承诺。不写「我们很专业」，只写对方能立刻验证的事实。结尾必须有一个明确的行动指令。","marketing","sharp","zh","广告,落地页,转化文案","老屋在村子的东头，是祖父留下的。院子里的那棵枣树还在，每年秋天结一树果子，没有人数过有多少。屋檐下的石阶被踩得发亮，中间有一道浅浅的凹痕。","一间老屋，村东头，祖父留下的。枣树还在，果子每年结一树，落在地上也没人数。石阶被踩得发亮——可踩它的人，走的走，散的散。有些东西再不留，就真的只剩一道凹痕了。现在，去看一眼。","true","16"
"幽默的科普","用一个荒诞的问题开场，笑点之后给信息。","以幽默的科普笔调写作：用一个听起来很正经其实很荒诞的问题开场。允许自问自答、允许轻微跑题，但每个笑点之后要真的给出信息。不用网络流行语，好笑来自观察的准确而不是刻意的梗。","academic","humorous","zh","科普,短视频,冷知识","老屋在村子的东头，是祖父留下的。院子里的那棵枣树还在，每年秋天结一树果子，没有人数过有多少。屋檐下的石阶被踩得发亮，中间有一道浅浅的凹痕。","先来个灵魂拷问：如果一棵枣树每年都结一树果子，而没有人去数，那它到底结了多少颗？答案是——这个问题本身就没人在意，包括它的主人。好，现在看这间老屋：村东头，祖父遗产（不是钱）。院里那棵枣树就是上面那位。屋檐下的石阶更有意思，被踩得油光发亮，中间还凹了一道。恭喜你，你现在已经理解「磨损」这个词了。","true","17"
